<?xml version="1.0" encoding="utf-8"?>
<ApplicationInstallerManifest>
   <DefaultInstallationDirectory>/Applications/Trinity_College_Dublin/EEG/</DefaultInstallationDirectory>
   <ApplicationName>EEG</ApplicationName>
   <ExecutableName>application/EEG.exe</ExecutableName>
   <GUID>fc47a1f9-8ba6-4bb9-9802-a28b1cfd7101</GUID>
   <ApplicationIcon>default_icon_48.png</ApplicationIcon>
   <Logo>default_logo.png</Logo>
   <Version>1.0</Version>
   <AuthorOrganization>Trinity College Dublin</AuthorOrganization>
   <Summary>Interactive teaching app outlining the underlying mathematics of EEG processing techniques</Summary>
   <WelcomePanelText>EEG 1.0
Interactive teaching app outlining the underlying mathematics of EEG processing techniques
Michael Broderick
brodermi@tcd.ie</WelcomePanelText>
   <MCRProducts>
      <MCRProduct>
         <ExternalProductIdentifier>35000</ExternalProductIdentifier>
      </MCRProduct>
      <MCRProduct>
         <ExternalProductIdentifier>35010</ExternalProductIdentifier>
      </MCRProduct>
   </MCRProducts>
</ApplicationInstallerManifest>